Alpha,Definition,Position,Alpha2,Definition2,Position2
🚀 Optimus,🚀 Positive Sentiment,Risk On,Optimus,Positive Sentiment,Risk On
⏳ 👀 Stabilzer,⏳ 👀 Neutral Sentiment,No Position,Stabilzer,Neutral Sentiment,No Position
🔻 Pessimus,🔻 Negative Sentiment,Risk Off,Pessimus,Negative Sentiment,Risk Off
🚀 Max Long,"🚀 Maximum conviction, full exposure to upside",Aggresive Jump in immedaitely,Max Long,"Maximum conviction, full exposure to upside",Aggresive Jump in immedaitely
↗️ Neural Uptaking,"🧠 AI-optimized strong buy signal, high probability move",Jump in,Neural Uptaking,"AI-optimized strong buy signal, high probability move",Jump in
👍Weight Increase,🏋️‍♂️ Adding to position with increased confidence,Increase Buy Position,Weight Increase,Adding to position with increased confidence,Increase Buy Position
💨 Exit Point,"📉 Taking profits or cutting losses, controlled exit",Reduct Position,Exit Point,"Taking profits or cutting losses, controlled exit",Reduct Position
👎 Dump,"🗑️ Large-scale liquidation, major bearish sentiment",Start selling off,Dump,"Large-scale liquidation, major bearish sentiment",Start selling off
☠️Toxic Yield,"☠️ Fundamentally broken asset, extremely high risk",increae Sell off more and more,Toxic Yield,"Fundamentally broken asset, extremely high risk",increae Sell off more and more
💀 Neural Ejection,"🚨 AI-driven emergency exit, absolute strongest sell",Dump Stocks and Exit now,Neural Ejection,"AI-driven emergency exit, absolute strongest sell",Dump Stocks and Exit now
